dex_nr;method;regions;transferable;note
550;wild;weltweit;true;
592;wild;weltweit;true;
710;wild;weltweit;true;
741;wild;weltweit;true;Die vier Stil-Formen sind unterschiedlich regional verbreitet
718;research;weltweit;true;Seltene Forschungsbelohnung (Routen) und als Zygarde-10% 
876;egg;weltweit;true;aus 5-km-Eiern
915;wild;weltweit;true;
917;wild;weltweit;true;
919;wild;weltweit;true;
921;wild;weltweit;true;
924;wild;weltweit;true;
926;wild;weltweit;true;
928;wild;weltweit;true;
931;wild;weltweit;true;
932;wild;weltweit;true;
938;wild;weltweit;true;
940;wild;weltweit;true;
948;wild;weltweit;true;
950;wild;weltweit;true;
960;wild;weltweit;true;
962;wild;weltweit;true;
973;wild;weltweit;true;
965;egg;weltweit;true;aus 12-km-Eiern
944;egg;weltweit;true;aus 12-km-Eiern
969;research;weltweit;true;Seltene Forschungsbelohnung (Routen)
968;wild;weltweit;true;
977;wild;weltweit;true;
978;wild;weltweit;true;
971;wild;weltweit;true;
974;wild;weltweit;true;
935;wild;weltweit;true;
957;wild;weltweit;true;
999;research;weltweit;true;Nur als Gimmighoul-Box an Goldenen PokéStops